t,a1,a2
0,1.741484122176189,2.135234903980745
0.01,2.2326111157599371,2.097651011281414
0.02,2.5742646765138488,1.7993288629804738
0.029999999999999999,2.9538797440181952,2.5110738309740555
0.040000000000000001,3.369083724101074,2.5110738309740555
0.050000000000000003,3.5588912578532472,2.9973154427716509
0.059999999999999998,3.8246218051062897,3.5986577259609476
0.070000000000000007,3.9385063253575936,3.2979865843662992
0.080000000000000002,4.0500182514369953,3.7114094040589407
0.089999999999999997,4.1259412649378646,3.110067120869644
0.10000000000000001,4.0120567446865607,0.8244966460915748
0.11,3.6727757781045511,-0.037583892699331045
0.12,2.9538797440181952,0
0.13,1.9692531626787968,0.29832214830094017
0.14000000000000001,0.83278055433765985,1.4986577213858254
0.14999999999999999,0.22539644633070566,5.8466443080396857
0.16,0.49112699358374812,7.7587248491181526
0.17000000000000001,0.94666507458896376,5.6986577305360697
0.17999999999999999,1.9312916559283622,0.8244966460915748
0.19,2.6501876900147181,-3.3003355776600074
0.20000000000000001,2.4603801562625449,-2.0248322191764601
0.20999999999999999,2.1566881022590678,1.4986577213858254
0.22,1.6655611086753197,3.8993288675555959
0.23000000000000001,1.2479845344205387,2.5862416163727175
0.23999999999999999,1.3618690546718426,0.56140939719625749
0.25,1.323907547921408,0.41107382639893331
0.26000000000000001,1.0581770006683655,0.86208053879090585
0.27000000000000002,1.0581770006683655,1.4986577213858254
0.28000000000000003,0.94666507458896376,1.3859060432878323
0.28999999999999998,0.90870356783852912,0.71174496799358167
0.29999999999999999,0.71889603408635594,1.6865771848824807
0.31,0.90870356783852912,1.0875838949868921
0.32000000000000001,0.90870356783852912,0.86208053879090585
0.33000000000000002,0.83278055433765985,0.52382550449692644
0.34000000000000002,0.6809345273359213,-0.07516778539866209
0.34999999999999998,0.52908850033418275,-0.037583892699331045
0.35999999999999999,0.33928096658200957,0.29832214830094017
0.37,0.14947343282983638,-0.037583892699331045
0.38,-0.15184602700173855,-0.15033557079732418
0.39000000000000001,-0.7212686282582581,-0.89966443149023689
0.40000000000000002,-0.87311465525999665,-1.2379194657842163
0.40999999999999998,-1.2123956218420062,-0.07516778539866209
0.41999999999999998,-0.87311465525999665,-0.93724832418956794
0.42999999999999999,-1.5920106893463526,-1.2003355730848853
0.44,-1.6679337028472219,-0.30067114159464836
0.45000000000000001,-1.6679337028472219,-1.0875838949868921
0.46000000000000002,-1.8197797298489604,-1.5010067146795336
0.46999999999999997,-2.1970222031814046,-2.4382550388691016
0.47999999999999998,-2.1210991896805353,-2.3255033607711084
0.48999999999999999,-2.3868297369335778,-2.8869127579673659
0.5,-2.5007142571848817,-1.6513422854768578
0.51000000000000001,-2.3488682301831432,-1.4258389292808715
0.52000000000000002,-2.3868297369335778,-1.9120805410784669
0.53000000000000003,-2.3109067234327085,-2.0624161118757911
0.54000000000000004,-2.15906069643097,-1.1627516803855542
0.55000000000000004,-2.1210991896805353,-1.7993288629804738
0.56000000000000005,-2.0451761761796661,-2.0248322191764601
0.56999999999999995,-2.0072146694292314,-1.949664433777798
0.57999999999999996,-1.9312916559283622,-1.6513422854768578
0.58999999999999997,-1.9312916559283622,-0.37583892699331045
0.59999999999999998,-1.7058952095976565,-0.11275167809799314
0.60999999999999999,-1.3642416488437448,-0.037583892699331045
0.62,-0.87311465525999665,-0.18791946349665523
0.63,-0.34165356075391173,-0.037583892699331045
0.64000000000000001,0.26335795308114029,0.037583892699331045
0.65000000000000002,0.45316548683331348,-0.63892617588862777
0.66000000000000003,0.83278055433765985,-2.8869127579673659
0.67000000000000004,0.45316548683331348,-6.8238255182222929
0.68000000000000005,-0.75923013500869274,-8.4728188104054425
0.68999999999999995,-2.1210991896805353,-3.3003355776600074
0.69999999999999996,-3.900544818607159,-0.45100671239197254
0.70999999999999996,-4.5079289266141132,2.3231543674774002
0.71999999999999997,-4.0144293388584629,0.63657718259491958
0.72999999999999998,-4.0523908456088975,-2.0248322191764601
0.73999999999999999,-3.6371868655260187,-3.1875838995620143
0.75,-3.3334948115225416,-2.2503355753724463
0.76000000000000001,-2.6525602841866203,-1.3506711438822094
0.77000000000000002,-2.3488682301831432,-0.07516778539866209
0.78000000000000003,-1.4781261690950487,-0.33825503429397941
0.79000000000000004,-0.79719164175912738,-1.8744966483791359
0.80000000000000004,-0.53146109450608492,-2.4758389315684326
0.81000000000000005,-0.11388452025130391,-1.3130872511828784
0.81999999999999995,0.037961506750434637,-0.93724832418956794
0.82999999999999996,0.037961506750434637,-1.4258389292808715
0.83999999999999997,0.073550419328967109,-1.0875838949868921
0.84999999999999998,-0.037961506750434637,-1.0875838949868921
0.85999999999999999,-0.18980753375217319,-0.8244966460915748
0.87,-0.22776904050260782,-0.33825503429397941
0.88,-0.41757657425478101,0.63657718259491958
0.89000000000000001,-0.22776904050260782,0.52382550449692644
0.90000000000000002,-0.45553808100521564,-0.52617449779063463
0.91000000000000003,-0.37961506750434637,0.4862416117975954
0.92000000000000004,-0.15184602700173855,1.1979865797911771
0.93000000000000005,0.26335795308114029,1.7241610775818117
0.93999999999999995,0.83278055433765985,1.9120805410784669
0.94999999999999996,1.4757535749231465,1.7617449702811427
0.95999999999999996,1.8174071356770582,1.8369127556798048
0.96999999999999997,2.346495636011241,2.5110738309740555
0.97999999999999998,2.8779567305173259,2.6238255090720486
0.98999999999999999,3.3311222173506394,2.2104026893794071
1,3.6348142713541165,2.4734899382747244
1.01,3.8246218051062897,3.7865771894576028
1.02,4.2777872919396032,4.5734899428498466
1.03,4.6953638661943842,6.1473154496343341
1.04,5.1485293530276977,4.9093959838501178
1.05,5.5661059272824787,0.22315436290227808
1.0600000000000001,5.110567846277263,-0.11275167809799314
1.0700000000000001,4.4675948256917764,0.56140939719625749
1.0800000000000001,3.2172376970993355,1.4610738286864944
1.0900000000000001,2.0072146694292314,3.4859060478629544
1.1000000000000001,1.0961385074188001,2.2104026893794071
1.1100000000000001,0.83278055433765985,4.8365771917451639
1.1200000000000001,0.90870356783852912,2.097651011281414
1.1299999999999999,1.2100230276701041,-0.60134228318929672
1.1399999999999999,0.79481904758722521,-1.6137583927775268
1.1499999999999999,0.45316548683331348,0.56140939719625749
1.1599999999999999,0.037961506750434637,0.89966443149023689
1.1699999999999999,-0.15184602700173855,2.3231543674774002
1.1799999999999999,-0.22776904050260782,1.1251677876862232
1.1899999999999999,-0.075923013500869274,0.89966443149023689
1.2,0.33928096658200957,0.37348993369960226
1.21,0.41520398008287884,1.1979865797911771
1.22,0.79481904758722521,1.160402687091846
1.23,0.94666507458896376,1.4610738286864944
1.24,1.4377920681727119,1.4234899359871633
1.25,1.741484122176189,1.01241610958823
1.26,2.1187265955086332,1.8369127556798048
1.27,2.2705726225103717,0.71174496799358167
1.28,2.1566881022590678,1.1251677876862232
1.29,2.0428035820077639,1.1251677876862232
1.3,1.8933301491779275,-0.11275167809799314
1.3100000000000001,1.3618690546718426,0.41107382639893331
1.3200000000000001,0.94666507458896376,0.8244966460915748
1.3300000000000001,0.41520398008287884,0.67416107529425062
1.3400000000000001,0.073550419328967109,0.93724832418956794
1.3500000000000001,-0.37961506750434637,1.7617449702811427
1.3600000000000001,-0.64534561475738883,0.71174496799358167
1.3700000000000001,-1.1364726083411369,0.26073825560160913
1.3799999999999999,-0.79719164175912738,-0.33825503429397941
1.3899999999999999,-0.94666507458896376,-1.4258389292808715
1.3999999999999999,-1.0605495948402677,-1.8744966483791359
1.4099999999999999,-1.3642416488437448,-2.2879194680717774
1.4199999999999999,-1.4781261690950487,-2.962080543366028
1.4299999999999999,-1.9692531626787968,-2.6614094017713796
1.4399999999999999,-2.3488682301831432,-2.4758389315684326
1.45,-3.3334948115225416,-2.0248322191764601
1.46,-3.4473793317738455,-1.8744966483791359
1.47,-3.6371868655260187,-1.7993288629804738
1.48,-3.5612638520251494,-2.3630872534704395
1.49,-3.599225358775584,-2.1375838972744532
1.5,-3.4094178250234108,-2.8117449725687038
1.51,-3.2955333047721069,-3.3003355776600074
1.52,-3.1436872777703684,-2.5134228242677636
1.53,-2.9159182372677606,-1.7241610775818117
1.54,-2.5386757639353164,-0.60134228318929672
1.55,-1.9312916559283622,-0.18791946349665523
1.5600000000000001,-1.2883186353428755,-0.037583892699331045
1.5700000000000001,-0.7212686282582581,-0.037583892699331045
1.5800000000000001,0.14947343282983638,0.18791946349665523
1.5900000000000001,0.6809345273359213,-0.07516778539866209
1.6000000000000001,1.2479845344205387,-0.33825503429397941
1.6100000000000001,1.741484122176189,-1.2379194657842163
1.6200000000000001,1.6275996019248851,-3.4506711484573316
1.6299999999999999,0.94666507458896376,-4.7989932990458328
1.6399999999999999,0.14947343282983638,-3.5986577259609476
1.6499999999999999,-1.0985111015907023,-0.18791946349665523
1.6599999999999999,-2.0072146694292314,2.3231543674774002
1.6699999999999999,-2.3868297369335778,1.5362416140851565
1.6799999999999999,-2.4627527504344471,-0.22550335619598627
1.6899999999999999,-2.3488682301831432,-2.5510067169670947
1.7,-2.3868297369335778,-2.4758389315684326
1.71,-2.3109067234327085,-1.1627516803855542
1.72,-2.0831376829301007,-0.48859060509130359
1.73,-1.9692531626787968,-0.33825503429397941
1.74,-1.7058952095976565,-1.5010067146795336
1.75,-1.2883186353428755,-1.8369127556798048
1.76,-1.1744341150915716,-2.0248322191764601
1.77,-1.022588088089833,-1.5385906073788647
1.78,-1.0985111015907023,-1.2755033584835473
1.79,-1.0605495948402677,-1.0500000022875611
1.8,-0.90870356783852912,-1.6137583927775268
1.8100000000000001,-0.7212686282582581,-1.5385906073788647
1.8200000000000001,-0.68330712150782347,-0.22550335619598627
1.8300000000000001,-0.7212686282582581,-0.33825503429397941
1.8400000000000001,-0.68330712150782347,-0.37583892699331045
1.8500000000000001,-0.56942260125651956,-0.52617449779063463
1.8600000000000001,-0.60738410800695419,-0.86208053879090585
1.8700000000000001,-0.45553808100521564,-0.63892617588862777
1.8799999999999999,-0.37961506750434637,-0.30067114159464836
1.8899999999999999,-0.11388452025130391,0.63657718259491958
1.8999999999999999,0.11151192607940175,0.71174496799358167
1.9099999999999999,0.49112699358374812,-0.18791946349665523
1.9199999999999999,0.71889603408635594,-0.15033557079732418
1.9299999999999999,1.022588088089833,1.01241610958823
1.9399999999999999,1.2859460411709733,0.41107382639893331
1.95,1.3998305614222772,0.4862416117975954
1.96,1.5137150816735812,0.37348993369960226
1.97,1.4757535749231465,0.8244966460915748
1.98,1.4377920681727119,0.97483221688889898
1.99,1.3618690546718426,1.6865771848824807
2,1.3618690546718426,1.3483221505885012
2.0099999999999998,1.323907547921408,1.3859060432878323
2.02,1.1341000141692348,1.7617449702811427
2.0299999999999998,1.2479845344205387,1.7617449702811427
2.04,1.2479845344205387,1.7617449702811427
2.0499999999999998,1.7035226154257543,1.949664433777798
2.0600000000000001,1.8553686424274929,1.7241610775818117
2.0699999999999998,1.9692531626787968,2.2104026893794071
2.0800000000000001,2.2326111157599371,2.2104026893794071
2.0899999999999999,2.3844571427616756,2.172818796680076
2.1000000000000001,2.6501876900147181,2.4359060455753934
2.1099999999999999,2.764072210266022,1.1979865797911771
2.1200000000000001,2.7261107035155874,0
2.1299999999999999,2.4983416630129796,-0.037583892699331045
2.1400000000000001,1.8553686424274929,0.11275167809799314
2.1499999999999999,1.2100230276701041,0.11275167809799314
2.1600000000000001,0.41520398008287884,0.22315436290227808
2.1699999999999999,-0.075923013500869274,1.8744966483791359
2.1800000000000002,-0.3036920540034771,6.2224832350329962
2.1899999999999999,0.49112699358374812,8.3224832396081183
2.2000000000000002,1.1720615209196694,2.6989932944707107
2.21,2.1566881022590678,-0.60134228318929672
2.2200000000000002,2.9159182372677606,-1.1627516803855542
2.23,2.9159182372677606,0.37348993369960226
2.2400000000000002,2.9159182372677606,1.3107382578891702
2.25,2.5363031697634142,1.7617449702811427
2.2599999999999998,2.2326111157599371,1.1979865797911771
2.27,1.8553686424274929,1.6114093994838186
2.2799999999999998,1.6655611086753197,1.2355704724905081
2.29,1.3618690546718426,0.93724832418956794
2.2999999999999998,0.90870356783852912,0.89966443149023689
2.3100000000000001,0.64297302058548667,1.2731543651898392
2.3199999999999998,0.56705000708461739,2.5110738309740555
2.3300000000000001,0.52908850033418275,1.2355704724905081
2.3399999999999999,0.37724247333244421,0.41107382639893331
2.3500000000000001,0.30131945983157493,-0.037583892699331045
2.3599999999999999,0.14947343282983638,1.3107382578891702
2.3700000000000001,0.14947343282983638,0.41107382639893331
2.3799999999999999,0.22539644633070566,-0.18791946349665523
2.3900000000000001,0.14947343282983638,-1.2755033584835473
2.3999999999999999,-0.11388452025130391,-0.93724832418956794
2.4100000000000001,-0.11388452025130391,-0.63892617588862777
2.4199999999999999,-0.49349958775565028,-0.78691275339224376
2.4300000000000002,-0.41757657425478101,-1.2755033584835473
2.4399999999999999,-0.75923013500869274,0
2.4500000000000002,-0.75923013500869274,0.33590604100027122
2.46,-1.0605495948402677,-0.48859060509130359
2.4700000000000002,-1.1744341150915716,-1.4258389292808715
2.48,-1.3642416488437448,-0.8244966460915748
2.4900000000000002,-1.4781261690950487,-0.97483221688889898
2.5,-0.9846265813393984,-0.8244966460915748
2.5099999999999998,-1.9692531626787968,-0.97483221688889898
2.52,-2.1970222031814046,-1.7241610775818117
2.5299999999999998,-2.2349837099318393,-1.6513422854768578
2.54,-2.2729452166822739,-1.8369127556798048
2.5499999999999998,-2.6905217909370549,-0.97483221688889898
2.5600000000000001,-2.1970222031814046,-1.6513422854768578
2.5699999999999998,-2.0451761761796661,-1.2379194657842163
2.5800000000000001,-1.7818182230985258,-1.1251677876862232
2.5899999999999999,-1.3642416488437448,-1.01241610958823
2.6000000000000001,-1.1744341150915716,-0.89966443149023689
2.6099999999999999,-0.94666507458896376,-1.8744966483791359
2.6200000000000001,-0.7212686282582581,-1.7241610775818117
2.6299999999999999,-0.75923013500869274,-2.2127516826731153
2.6400000000000001,-0.94666507458896376,-1.2003355730848853
2.6499999999999999,-1.1744341150915716,-0.07516778539866209
2.6600000000000001,-1.1744341150915716,0.07516778539866209
2.6699999999999999,-1.022588088089833,0
2.6800000000000002,-0.7212686282582581,-0.11275167809799314
2.6899999999999999,-0.45553808100521564,-0.07516778539866209
2.7000000000000002,-0.34165356075391173,-0.48859060509130359
2.71,0.037961506750434637,-2.8493288652680349
2.7200000000000002,-0.037961506750434637,-8.0241610913071781
2.73,-1.6679337028472219,-8.1369127694051713
2.7400000000000002,-2.9918412507686298,-3.936912760254927
2.75,-3.9764678321080282,0.93724832418956794
2.7599999999999998,-4.4699674198636785,2.4734899382747244
2.77,-4.2421983793610707,1.01241610958823
2.7799999999999998,-4.0523908456088975,-0.93724832418956794
2.79,-3.4853408385242801,-2.1375838972744532
2.7999999999999998,-2.6525602841866203,-1.4258389292808715
2.8100000000000001,-1.7818182230985258,-1.7617449702811427
2.8199999999999998,-1.0985111015907023,-0.45100671239197254
2.8300000000000001,-0.41757657425478101,0.29832214830094017
2.8399999999999999,-0.15184602700173855,-0.48859060509130359
2.8500000000000001,0.30131945983157493,-1.4634228219802026
2.8599999999999999,0.64297302058548667,-1.3882550365815405
2.8700000000000001,0.79481904758722521,-0.07516778539866209
2.8799999999999999,0.9846265813393984,0.37348993369960226
2.8900000000000001,0.90870356783852912,0.11275167809799314
2.8999999999999999,0.9846265813393984,0.07516778539866209
2.9100000000000001,0.6809345273359213,0.11275167809799314
2.9199999999999999,0.79481904758722521,0.56140939719625749
2.9300000000000002,0.71889603408635594,0.29832214830094017
2.9399999999999999,0.75685754083679058,1.0875838949868921
2.9500000000000002,0.49112699358374812,1.2731543651898392
2.96,0.49112699358374812,1.1251677876862232
2.9700000000000002,0.33928096658200957,0.15033557079732418
2.98,0.18743493958027102,0.37348993369960226
2.9900000000000002,0.14947343282983638,0.11275167809799314
3,-0.075923013500869274,0.18791946349665523
3.0099999999999998,-0.037961506750434637,0.56140939719625749
3.02,-0.15184602700173855,1.3859060432878323
3.0299999999999998,0.11151192607940175,0.86208053879090585
3.04,0.26335795308114029,0.52382550449692644
3.0499999999999998,0.56705000708461739,0.86208053879090585
3.0600000000000001,0.79481904758722521,0.52382550449692644
3.0699999999999998,0.90870356783852912,1.1251677876862232
3.0800000000000001,1.0961385074188001,1.4234899359871633
3.0899999999999999,1.4377920681727119,1.5738255067844875
3.1000000000000001,2.1566881022590678,1.7993288629804738
3.1099999999999999,2.1566881022590678,2.135234903980745
3.1200000000000001,2.4603801562625449,1.949664433777798
3.1299999999999999,2.6501876900147181,1.8744966483791359
3.1400000000000001,2.9159182372677606,2.2855704747780692
3.1499999999999999,2.9159182372677606,1.987248326477129
3.1600000000000001,2.9894686565967277,1.987248326477129
3.1699999999999999,2.8399952237668913,2.135234903980745
3.1800000000000002,2.7261107035155874,0.26073825560160913
3.1899999999999999,2.2326111157599371,0.11275167809799314
3.2000000000000002,1.7035226154257543,0
3.21,0.75685754083679058,0.22315436290227808
3.2200000000000002,0.073550419328967109,0.37348993369960226
3.23,-0.45553808100521564,2.6238255090720486
3.2400000000000002,-0.41757657425478101,7.2348993446212262
3.25,0.41520398008287884,9.4100671345950104
3.2599999999999998,1.323907547921408,3.5986577259609476
3.27,2.8779567305173259,-0.8244966460915748
3.2799999999999998,3.8246218051062897,-3.1500000068626832
3.29,3.6348142713541165,-0.30067114159464836
3.2999999999999998,3.5588912578532472,1.4610738286864944
3.3100000000000001,2.6501876900147181,2.0624161118757911
3.3199999999999998,1.9692531626787968,1.3107382578891702
3.3300000000000001,1.3998305614222772,1.4986577213858254
3.3399999999999999,0.90870356783852912,0.89966443149023689
3.3500000000000001,0.71889603408635594,0.4862416117975954
3.3599999999999999,0.22539644633070566,0.67416107529425062
3.3700000000000001,-0.15184602700173855,0.63657718259491958
3.3799999999999999,-0.15184602700173855,0.44865771909826435
3.3900000000000001,-0.3036920540034771,0.56140939719625749
3.3999999999999999,-0.3036920540034771,-0.56375839048996568
3.4100000000000001,-0.34165356075391173,0.18791946349665523
3.4199999999999999,-0.26573054725304246,0.71174496799358167
3.4300000000000002,-0.3036920540034771,0.22315436290227808
3.4399999999999999,-0.26573054725304246,-0.45100671239197254
3.4500000000000002,-0.22776904050260782,-1.4634228219802026
3.46,-0.3036920540034771,0
3.4700000000000002,-0.15184602700173855,-0.33825503429397941
3.48,-0.41757657425478101,0.15033557079732418
3.4900000000000002,-0.26573054725304246,-1.1251677876862232
3.5,-0.3036920540034771,-1.1627516803855542
3.5099999999999998,-0.3036920540034771,-1.4258389292808715
3.52,-0.60738410800695419,-0.93724832418956794
3.5299999999999998,-0.7212686282582581,-0.18791946349665523
3.54,-0.90870356783852912,-0.63892617588862777
3.5499999999999998,-1.1744341150915716,0.33590604100027122
3.5600000000000001,-1.2883186353428755,-0.4134228196926415
3.5699999999999998,-1.4781261690950487,-0.93724832418956794
3.5800000000000001,-1.440164662344614,-1.5010067146795336
3.5899999999999999,-1.2883186353428755,-1.2755033584835473
3.6000000000000001,-1.3642416488437448,-0.93724832418956794
3.6099999999999999,-1.4781261690950487,-0.18791946349665523
3.6200000000000001,-0.9846265813393984,-0.63892617588862777
3.6299999999999999,-0.90870356783852912,0.18791946349665523
3.6400000000000001,-0.7212686282582581,0.11275167809799314
3.6499999999999999,-0.49349958775565028,-1.5385906073788647
3.6600000000000001,-0.41757657425478101,-0.8244966460915748
3.6699999999999999,0.073550419328967109,-1.3506711438822094
3.6800000000000002,-0.45553808100521564,-1.4258389292808715
3.6899999999999999,-0.53146109450608492,-1.8744966483791359
3.7000000000000002,-0.60738410800695419,-2.1751677899737842
3.71,-1.1364726083411369,-1.8744966483791359
3.7200000000000002,-1.3642416488437448,-2.6989932944707107
3.73,-1.8197797298489604,-3.3003355776600074
3.7400000000000002,-2.7664448044379242,-0.11275167809799314
3.75,-2.4247912436840124,0.18791946349665523
3.7599999999999998,-2.3868297369335778,-0.48859060509130359
3.77,-2.0831376829301007,-1.1627516803855542
3.7799999999999998,-1.6679337028472219,-8.1744966621045023
3.79,-2.7284832976874895,-11.622818817268126
3.7999999999999998,-5.5305170147039462,-5.7738255159347318
3.8100000000000001,-4.735697967116721,1.8369127556798048
3.8199999999999998,-4.0523908456088975,4.3855704793531913
3.8300000000000001,-4.5458904333645478,2.6614094017713796
3.8399999999999999,-3.5233023452747148,0.89966443149023689
3.8500000000000001,-1.7818182230985258,-3.2627516849606764
3.8599999999999999,-1.022588088089833,-3.7865771894576028
3.8700000000000001,0.11151192607940175,-2.4758389315684326
3.8799999999999999,0.49112699358374812,-1.3882550365815405
3.8900000000000001,0.83278055433765985,-1.3506711438822094
3.8999999999999999,0.6809345273359213,-0.22550335619598627
3.9100000000000001,0.90870356783852912,0.11275167809799314
3.9199999999999999,0.79481904758722521,-1.0875838949868921
3.9300000000000002,0.64297302058548667,-1.3882550365815405
3.9399999999999999,0.49112699358374812,-0.89966443149023689
3.9500000000000002,0.14947343282983638,-0.63892617588862777
3.96,-0.18980753375217319,0
3.9700000000000002,-0.60738410800695419,-0.07516778539866209
3.98,-0.83515314850956202,0.26073825560160913
3.9900000000000002,-0.9846265813393984,-0.07516778539866209
4,-0.87311465525999665,0.86208053879090585
4.0099999999999998,-0.7212686282582581,1.1979865797911771
4.0199999999999996,-0.41757657425478101,1.160402687091846
4.0300000000000002,-0.26573054725304246,-0.11275167809799314
4.04,0,0.71174496799358167
4.0499999999999998,0.30131945983157493,0.86208053879090585
4.0599999999999996,0.56705000708461739,0.59899328989558853
4.0700000000000003,0.94666507458896376,-0.4134228196926415
4.0800000000000001,1.0961385074188001,-0.07516778539866209
4.0899999999999999,1.2859460411709733,0.52382550449692644
4.0999999999999996,1.2479845344205387,0.67416107529425062
4.1100000000000003,1.0581770006683655,0.8244966460915748
4.1200000000000001,1.2100230276701041,1.8369127556798048
4.1299999999999999,1.3998305614222772,2.6238255090720486
4.1399999999999997,1.5516765884240158,2.5862416163727175
4.1500000000000004,2.0428035820077639,2.8117449725687038
4.1600000000000001,2.5363031697634142,2.6989932944707107
4.1699999999999999,2.9538797440181952,2.962080543366028
4.1799999999999997,3.4450067376019433,2.962080543366028
4.1900000000000004,3.8246218051062897,2.8117449725687038
4.2000000000000002,3.9385063253575936,2.8869127579673659
4.21,4.2777872919396032,0.26073825560160913
4.2199999999999998,3.8625833118567243,-0.07516778539866209
4.2300000000000004,3.2551992038497701,0.18791946349665523
4.2400000000000002,2.1566881022590678,0.63657718259491958
4.25,1.2859460411709733,4.5359060501505155
4.2599999999999998,1.0961385074188001,6.2976510204316583
4.2699999999999996,1.4377920681727119,6.5983221620263066
4.2800000000000002,2.1187265955086332,2.3983221528760623
4.29,3.2172376970993355,-1.8744966483791359
4.2999999999999998,3.0653916700975969,-1.8369127556798048
4.3099999999999996,2.7261107035155874,0.29832214830094017
4.3200000000000003,1.5516765884240158,2.2855704747780692
4.3300000000000001,1.0961385074188001,1.5738255067844875
4.3399999999999999,0.64297302058548667,1.01241610958823
4.3499999999999996,0.14947343282983638,0.29832214830094017
4.3600000000000003,0.037961506750434637,0.37348993369960226
4.3700000000000001,-0.15184602700173855,0.18791946349665523
4.3799999999999999,-0.37961506750434637,0.18791946349665523
4.3899999999999997,-0.45553808100521564,0.18791946349665523
4.4000000000000004,-0.41757657425478101,0.52382550449692644
4.4100000000000001,-0.3036920540034771,0.07516778539866209
4.4199999999999999,-0.22776904050260782,-0.30067114159464836
4.4299999999999997,-0.26573054725304246,0.59899328989558853
4.4400000000000004,-0.075923013500869274,0.56140939719625749
4.4500000000000002,0,-0.15033557079732418
4.46,0.073550419328967109,-0.30067114159464836
4.4699999999999998,0,-1.01241610958823
4.4800000000000004,0.073550419328967109,-0.52617449779063463
4.4900000000000002,0.073550419328967109,-0.4134228196926415
4.5,0.22539644633070566,-0.37583892699331045
4.5099999999999998,-0.075923013500869274,-0.26308724889531732
4.5199999999999996,-0.22776904050260782,-0.48859060509130359
4.5300000000000002,-0.3036920540034771,0.29832214830094017
4.54,-0.41757657425478101,0.15033557079732418
4.5499999999999998,-0.3036920540034771,0.4862416117975954
4.5599999999999996,-0.41757657425478101,-0.07516778539866209
4.5700000000000003,-0.56942260125651956,-1.3506711438822094
4.5800000000000001,-0.68330712150782347,-1.0875838949868921
4.5899999999999999,-0.7212686282582581,-1.2379194657842163
4.5999999999999996,-0.75923013500869274,-1.3130872511828784
4.6100000000000003,0.45316548683331348,-0.93724832418956794
4.6200000000000001,-1.022588088089833,-0.037583892699331045
4.6299999999999999,-1.022588088089833,-0.48859060509130359
4.6399999999999997,-0.9846265813393984,-0.93724832418956794
4.6500000000000004,-0.90870356783852912,-0.33825503429397941
4.6600000000000001,-1.022588088089833,-1.3882550365815405
4.6699999999999999,-1.022588088089833,-1.6865771848824807
4.6799999999999997,-0.90870356783852912,-1.7993288629804738
4.6900000000000004,-1.4781261690950487,-1.949664433777798
4.7000000000000002,-1.6679337028472219,-1.6513422854768578
4.71,-1.8933301491779275,-1.5385906073788647
4.7199999999999998,-2.15906069643097,-2.3255033607711084
4.7300000000000004,-2.3868297369335778,-2.6614094017713796
4.7400000000000002,-2.9159182372677606,-1.0875838949868921
4.75,-2.5386757639353164,0
4.7599999999999998,-2.5386757639353164,-0.07516778539866209
4.7699999999999996,-2.3109067234327085,-0.4134228196926415
4.7800000000000002,-1.5160876758454833,-0.22550335619598627
4.79,-1.022588088089833,-3.4130872557580005
4.7999999999999998,-1.0985111015907023,-9.2597315637976862
4.8099999999999996,-2.0451761761796661,-9.0741610935947392
4.8200000000000003,-3.5233023452747148,-3.8241610821569338
4.8300000000000001,-4.2801598861115053,1.4986577213858254
4.8399999999999999,-3.900544818607159,3.2604026916669682
4.8499999999999996,-3.9764678321080282,-0.26308724889531732
4.8600000000000003,-3.181648784520803,-2.4758389315684326
4.8700000000000001,-2.6525602841866203,-3.1875838995620143
4.8799999999999999,-1.8197797298489604,-2.2879194680717774
4.8899999999999997,-1.0605495948402677,-1.5385906073788647
4.9000000000000004,-0.75923013500869274,0.18791946349665523
4.9100000000000001,-0.37961506750434637,-0.07516778539866209
4.9199999999999999,0.073550419328967109,-1.5385906073788647
4.9299999999999997,0.30131945983157493,-1.987248326477129
4.9400000000000004,0.30131945983157493,-0.37583892699331045
4.9500000000000002,0.33928096658200957,0.11275167809799314
4.96,0.30131945983157493,0.29832214830094017
4.9699999999999998,0.45316548683331348,0.78691275339224376
4.9800000000000004,0.49112699358374812,0.97483221688889898
4.9900000000000002,0.71889603408635594,0.89966443149023689
5,0.71889603408635594,0.86208053879090585
5.0099999999999998,0.87074206108809449,0.97483221688889898
5.0199999999999996,0.90870356783852912,1.160402687091846
5.0300000000000002,1.0581770006683655,0.18791946349665523
5.04,0.75685754083679058,1.160402687091846
5.0499999999999998,0.75685754083679058,0.71174496799358167
5.0599999999999996,0.60501151383505203,0.8244966460915748
5.0700000000000003,0.45316548683331348,0.41107382639893331
5.0800000000000001,0.49112699358374812,0.89966443149023689
5.0899999999999999,0.60501151383505203,0.86208053879090585
5.0999999999999996,0.71889603408635594,0.89966443149023689
5.1100000000000003,0.75685754083679058,0.71174496799358167
5.1200000000000001,0.79481904758722521,0.71174496799358167
5.1299999999999999,0.90870356783852912,1.1979865797911771
5.1399999999999997,1.1341000141692348,1.7617449702811427
5.1500000000000004,1.3618690546718426,2.4734899382747244
5.1600000000000001,1.6655611086753197,2.8117449725687038
5.1699999999999999,2.2705726225103717,2.8117449725687038
5.1799999999999997,2.6881491967651527,3.2228187989676371
5.1900000000000004,3.2172376970993355,2.8117449725687038
5.2000000000000002,3.786660298355855,2.962080543366028
5.21,4.1259412649378646,1.4610738286864944
5.2199999999999998,4.0500182514369953,-0.037583892699331045
5.2300000000000004,3.6348142713541165,-0.07516778539866209
5.2400000000000002,2.8399952237668913,0.26073825560160913
5.25,1.9312916559283622,1.3107382578891702
5.2599999999999998,1.323907547921408,7.9842282053141389
5.2699999999999996,1.3618690546718426,8.2097315615101252
5.2800000000000002,1.9312916559283622,5.6610738378367387
5.29,3.1033531768480316,-0.037583892699331045
5.2999999999999998,3.5209297511028126,-2.5885906096664257
5.3099999999999996,2.9159182372677606,-1.2755033584835473
5.3200000000000003,2.3085341292608064,0.74932886069291271
5.3300000000000001,1.3998305614222772,1.2731543651898392
5.3399999999999999,0.60501151383505203,1.8744966483791359
5.3499999999999996,0.037961506750434637,1.987248326477129
5.3600000000000003,-0.15184602700173855,0.89966443149023689
5.3700000000000001,-0.18980753375217319,0.67416107529425062
5.3799999999999999,-0.37961506750434637,-0.56375839048996568
5.3899999999999997,-0.45553808100521564,-0.52617449779063463
5.4000000000000004,-0.41757657425478101,0
5.4100000000000001,-0.37961506750434637,0.11275167809799314
5.4199999999999999,-0.26573054725304246,-0.15033557079732418
5.4299999999999997,-0.15184602700173855,0.78691275339224376
5.4400000000000004,0.14947343282983638,0.07516778539866209
5.4500000000000002,0.037961506750434637,-0.33825503429397941
5.46,0.22539644633070566,-0.89966443149023689
5.4699999999999998,0.22539644633070566,-1.3882550365815405
5.4800000000000004,0.037961506750434637,-0.18791946349665523
5.4900000000000002,0.037961506750434637,-0.37583892699331045
5.5,-0.15184602700173855,0.037583892699331045
5.5099999999999998,-0.34165356075391173,-0.63892617588862777
5.5199999999999996,-0.56942260125651956,-0.63892617588862777
5.5300000000000002,-0.41757657425478101,-1.3130872511828784
5.54,-0.64534561475738883,-1.987248326477129
5.5499999999999998,-0.49349958775565028,-1.5385906073788647
5.5599999999999996,-0.87311465525999665,-1.5010067146795336
5.5700000000000003,-0.90870356783852912,-0.37583892699331045
5.5800000000000001,-0.87311465525999665,-0.22550335619598627
5.5899999999999999,-1.1364726083411369,-1.2379194657842163
5.5999999999999996,-1.2883186353428755,-0.48859060509130359
5.6100000000000003,-1.2123956218420062,-0.60134228318929672
5.6200000000000001,-1.0605495948402677,-1.2379194657842163
5.6299999999999999,-1.2503571285924409,-0.33825503429397941
5.6399999999999997,-0.90870356783852912,-1.3506711438822094
5.6500000000000004,-1.022588088089833,0.33590604100027122
5.6600000000000001,-0.87311465525999665,-1.3882550365815405
5.6699999999999999,-0.94666507458896376,-0.60134228318929672
5.6799999999999997,-0.87311465525999665,-1.5385906073788647
5.6900000000000004,-0.90870356783852912,-1.2379194657842163
5.7000000000000002,-1.022588088089833,-1.7993288629804738
5.71,-1.1744341150915716,-3.2627516849606764
5.7199999999999998,-1.5160876758454833,-4.3127516872482374
5.7300000000000004,-2.5007142571848817,-3.8993288675555959
5.7400000000000002,-2.7284832976874895,0
5.75,-2.7664448044379242,0.07516778539866209
5.7599999999999998,-3.0298027575190645,-0.60134228318929672
5.7699999999999996,-2.3868297369335778,-2.6238255090720486
5.7800000000000002,-2.3868297369335778,-10.572818814980565
5.79,-3.8246218051062897,-11.660402709967457
5.7999999999999998,-5.6823630417056847,-4.6862416209478397
5.8099999999999996,-5.1888634539500345,3.3731543697649613
5.8200000000000003,-4.735697967116721,4.122483230457874
5.8300000000000001,-5.1888634539500345,0.41107382639893331
5.8399999999999999,-3.7510713857773226,-1.3130872511828784
5.8499999999999996,-2.3868297369335778,-2.0248322191764601
5.8600000000000003,-1.1744341150915716,-2.6238255090720486
5.8700000000000001,-0.11388452025130391,-1.7241610775818117
5.8799999999999999,0.11151192607940175,-0.71409396128728986
5.8899999999999997,0.71889603408635594,-0.8244966460915748
5.9000000000000004,1.2479845344205387,-1.2379194657842163
5.9100000000000001,1.323907547921408,-0.48859060509130359
5.9199999999999999,1.022588088089833,-0.22550335619598627
5.9299999999999997,0.94666507458896376,0.037583892699331045
5.9400000000000004,1.022588088089833,0.86208053879090585
5.9500000000000002,0.83278055433765985,0.52382550449692644
5.96,0.79481904758722521,1.3107382578891702
5.9699999999999998,0.71889603408635594,0.29832214830094017
5.9800000000000004,0.71889603408635594,1.1251677876862232
5.9900000000000002,0.60501151383505203,1.8744966483791359
6,0.56705000708461739,1.3107382578891702
6.0099999999999998,0.60501151383505203,0.4862416117975954
6.0199999999999996,0.49112699358374812,1.4610738286864944
6.0300000000000002,0.56705000708461739,0.8244966460915748
6.04,0.64297302058548667,0.89966443149023689
6.0499999999999998,0.87074206108809449,1.0875838949868921
6.0599999999999996,0.79481904758722521,1.1251677876862232
6.0700000000000003,0.90870356783852912,0.52382550449692644
6.0800000000000001,0.94666507458896376,0.41107382639893331
6.0899999999999999,0.90870356783852912,0.71174496799358167
6.0999999999999996,0.9846265813393984,0.37348993369960226
6.1100000000000003,0.79481904758722521,0.4862416117975954
6.1200000000000001,0.6809345273359213,0.89966443149023689
6.1299999999999999,0.64297302058548667,1.9120805410784669
6.1399999999999997,0.75685754083679058,1.7617449702811427
6.1500000000000004,0.90870356783852912,2.3231543674774002
6.1600000000000001,1.323907547921408,2.5486577236733865
6.1699999999999999,1.6655611086753197,2.2855704747780692
6.1799999999999997,2.3085341292608064,2.2855704747780692
6.1900000000000004,2.7261107035155874,2.2104026893794071
6.2000000000000002,3.0653916700975969,2.2104026893794071
6.21,3.482968244352378,0.4862416117975954
6.2199999999999998,3.3311222173506394,-0.11275167809799314
6.2300000000000004,3.0274301633471623,0.22315436290227808
6.2400000000000002,2.346495636011241,0.56140939719625749
6.25,1.7035226154257543,2.7741610798693728
6.2599999999999998,1.3998305614222772,9.2221476710983552
6.2699999999999996,2.1566881022590678,10.009060424490599
6.2800000000000002,2.9159182372677606,3.4859060478629544
6.29,4.3537103054404724,-1.5761745000781957
6.2999999999999998,4.4296333189413417,-3.6362416186602786
6.3099999999999996,3.482968244352378,-1.0875838949868921
6.3200000000000003,2.4224186495121103,1.0500000022875611
6.3300000000000001,1.2479845344205387,1.5738255067844875
6.3399999999999999,0.30131945983157493,1.7617449702811427
6.3499999999999996,-0.26573054725304246,0.89966443149023689
6.3600000000000003,-0.64534561475738883,-0.037583892699331045
6.3700000000000001,-0.87311465525999665,-0.22550335619598627
6.3799999999999999,-1.2503571285924409,-0.22550335619598627
6.3899999999999997,-1.2503571285924409,0.44865771909826435
6.4000000000000004,-1.2883186353428755,0.71174496799358167
6.4100000000000001,-1.1744341150915716,0.93724832418956794
6.4199999999999999,-0.79719164175912738,0.18791946349665523
6.4299999999999997,-0.41757657425478101,0.037583892699331045
6.4400000000000004,-0.11388452025130391,0.29832214830094017
6.4500000000000002,0.18743493958027102,0.78691275339224376
6.46,0.49112699358374812,0.26073825560160913
6.4699999999999998,0.41520398008287884,0.15033557079732418
6.4800000000000004,0.52908850033418275,-0.63892617588862777
6.4900000000000002,0.56705000708461739,0.037583892699331045
6.5,0.60501151383505203,0.59899328989558853
6.5099999999999998,0.49112699358374812,0.29832214830094017
6.5199999999999996,0.30131945983157493,-0.037583892699331045
6.5300000000000002,0.14947343282983638,-0.11275167809799314
6.54,0.037961506750434637,0
6.5499999999999998,-0.075923013500869274,-0.33825503429397941
6.5599999999999996,-0.22776904050260782,-1.2379194657842163
6.5700000000000003,-0.41757657425478101,-0.37583892699331045
6.5800000000000001,-0.41757657425478101,-0.30067114159464836
6.5899999999999999,-0.79719164175912738,-0.89966443149023689
6.5999999999999996,0,-0.89966443149023689
6.6100000000000003,-1.2123956218420062,-1.2003355730848853
6.6200000000000001,-1.5160876758454833,-1.4258389292808715
6.6299999999999999,-1.3642416488437448,-1.5010067146795336
6.6399999999999997,-1.3262801420933101,-1.3882550365815405
6.6500000000000004,-1.4022031555941794,-1.2755033584835473
6.6600000000000001,-1.4781261690950487,-1.8744966483791359
6.6699999999999999,-1.6679337028472219,-2.3630872534704395
6.6799999999999997,-1.7818182230985258,-2.6614094017713796
6.6900000000000004,-2.15906069643097,-2.962080543366028
6.7000000000000002,-2.576637270685751,-3.7489932967582718
6.71,-3.0298027575190645,-4.0496644383529201
6.7199999999999998,-3.7131098790268879,-0.07516778539866209
6.7300000000000004,-3.4473793317738455,0
6.7400000000000002,-3.181648784520803,-0.48859060509130359
6.75,-2.576637270685751,-1.5385906073788647
6.7599999999999998,-2.0831376829301007,-7.1620805525162723
6.7699999999999996,-2.6905217909370549,-9.7483221688889898
6.7800000000000002,-3.2196102912712377,-5.0244966552418191
6.79,-4.31812139286194,1.4610738286864944
6.7999999999999998,-3.7890328925277572,3.5986577259609476
6.8099999999999996,-3.599225358775584,0.56140939719625749
6.8200000000000003,-2.7664448044379242,-3.2251677922613453
6.8300000000000001,-1.9312916559283622,-3.7865771894576028
6.8399999999999999,-1.5160876758454833,-1.949664433777798
6.8499999999999996,-0.79719164175912738,-0.97483221688889898
6.8600000000000003,-0.3036920540034771,-0.74932886069291271
6.8700000000000001,0.073550419328967109,-0.22550335619598627
6.8799999999999999,0.49112699358374812,-0.52617449779063463
6.8899999999999997,0.45316548683331348,-1.4258389292808715
6.9000000000000004,0.45316548683331348,-1.3882550365815405
6.9100000000000001,0.22539644633070566,-0.52617449779063463
6.9199999999999999,0.037961506750434637,-0.48859060509130359
6.9299999999999997,-0.075923013500869274,-0.60134228318929672
6.9400000000000004,-0.37961506750434637,-0.52617449779063463
6.9500000000000002,-0.60738410800695419,0.11275167809799314
6.96,-0.60738410800695419,0.33590604100027122
6.9699999999999998,-0.7212686282582581,0.89966443149023689
6.9800000000000004,-0.49349958775565028,1.6489932921831496
6.9900000000000002,-0.22776904050260782,0.74932886069291271
7,0.037961506750434637,0.07516778539866209
7.0099999999999998,0.30131945983157493,1.3483221505885012
7.0199999999999996,0.71889603408635594,1.0875838949868921
7.0300000000000002,1.0581770006683655,0.89966443149023689
7.04,1.3618690546718426,0.78691275339224376
7.0499999999999998,1.5137150816735812,1.0875838949868921
7.0599999999999996,1.8553686424274929,1.3107382578891702
7.0700000000000003,2.0807650887581985,1.9120805410784669
7.0800000000000001,2.346495636011241,1.8744966483791359
7.0899999999999999,2.4603801562625449,1.6114093994838186
7.0999999999999996,2.6122261832642835,2.3607382601767313
7.1100000000000003,2.5742646765138488,2.2104026893794071
7.1200000000000001,2.5363031697634142,2.5862416163727175
7.1299999999999999,2.6122261832642835,2.135234903980745
7.1399999999999997,2.5363031697634142,2.0624161118757911
7.1500000000000004,2.5742646765138488,2.4359060455753934
7.1600000000000001,2.4224186495121103,2.6989932944707107
7.1699999999999999,2.4603801562625449,2.7741610798693728
7.1799999999999997,2.5742646765138488,0.22315436290227808
7.1900000000000004,2.2326111157599371,-0.07516778539866209
7.2000000000000002,1.8553686424274929,0.07516778539866209
7.21,1.0581770006683655,0.41107382639893331
7.2199999999999998,0.49112699358374812,1.3483221505885012
7.2300000000000004,0.11151192607940175,4.1976510158565361
7.2400000000000002,0.83278055433765985,9.7083892828959506
7.25,1.6655611086753197,5.4731543743400835
7.2599999999999998,3.1792761903489009,0.52382550449692644
7.2699999999999996,4.1259412649378646,-2.6614094017713796
7.2800000000000002,4.1639027716882993,-1.0875838949868921
7.29,3.3311222173506394,0.44865771909826435
7.2999999999999998,2.4983416630129796,1.4234899359871633
7.3099999999999996,1.8933301491779275,1.3107382578891702
7.3200000000000003,1.0581770006683655,1.5738255067844875
7.3300000000000001,0.41520398008287884,2.3607382601767313
7.3399999999999999,0.37724247333244421,1.7241610775818117
7.3499999999999996,0.30131945983157493,0.37348993369960226
7.3600000000000003,0,0.37348993369960226
7.3700000000000001,0.037961506750434637,0.59899328989558853
7.3799999999999999,-0.18980753375217319,1.1979865797911771
7.3899999999999997,-0.11388452025130391,0.71174496799358167
7.4000000000000004,-0.22776904050260782,0.37348993369960226
7.4100000000000001,-0.3036920540034771,0.52382550449692644
7.4199999999999999,-0.3036920540034771,1.2731543651898392
7.4299999999999997,-0.11388452025130391,0.11275167809799314
7.4400000000000004,-0.18980753375217319,0.59899328989558853
7.4500000000000002,0.037961506750434637,0.11275167809799314
7.46,0.22539644633070566,0.22315436290227808
7.4699999999999998,0.14947343282983638,-0.22550335619598627
7.4800000000000004,0.18743493958027102,0.52382550449692644
7.4900000000000002,0.22539644633070566,-0.4134228196926415
7.5,-0.37961506750434637,-0.22550335619598627
7.5099999999999998,-0.15184602700173855,-0.78691275339224376
7.5199999999999996,-0.3036920540034771,-1.3130872511828784
7.5300000000000002,-0.60738410800695419,-0.8244966460915748
7.54,-0.90870356783852912,-1.3506711438822094
7.5499999999999998,-1.7818182230985258,-2.0624161118757911
7.5599999999999996,-1.5160876758454833,-1.5385906073788647
7.5700000000000003,-1.6299721960967872,-1.6513422854768578
7.5800000000000001,-2.0451761761796661,-1.3506711438822094
7.5899999999999999,-2.3109067234327085,-1.8744966483791359
7.5999999999999996,-2.6905217909370549,-1.987248326477129
7.6100000000000003,-2.8399952237668913,-1.8744966483791359
7.6200000000000001,-2.7664448044379242,-1.5761745000781957
7.6299999999999999,-2.7284832976874895,-1.987248326477129
7.6399999999999997,-2.6905217909370549,-2.4006711461697705
7.6500000000000004,-2.576637270685751,-3.5986577259609476
7.6600000000000001,-2.7284832976874895,-3.7114094040589407
7.6699999999999999,-2.8779567305173259,-0.33825503429397941
7.6799999999999997,-2.3868297369335778,0.15033557079732418
7.6900000000000004,-2.1210991896805353,-0.48859060509130359
7.7000000000000002,-1.4022031555941794,0.11275167809799314
7.71,-0.94666507458896376,-1.5010067146795336
7.7199999999999998,-0.49349958775565028,-6.0369127648300491
7.7300000000000004,-0.94666507458896376,-9.1845637783990242
7.7400000000000002,-1.9692531626787968,-5.7362416232354008
7.75,-3.1436872777703684,0.26073825560160913
7.7599999999999998,-3.9385063253575936,3.147651013568975
7.7699999999999996,-3.4473793317738455,2.7741610798693728
7.7800000000000002,-3.2196102912712377,-0.52617449779063463
7.79,-2.3109067234327085,-2.962080543366028
7.7999999999999998,-1.7818182230985258,-2.2879194680717774
7.8099999999999996,-0.9846265813393984,-1.3882550365815405
7.8200000000000003,-0.34165356075391173,-0.8244966460915748
7.8300000000000001,0.26335795308114029,-0.33825503429397941
7.8399999999999999,0.11151192607940175,-1.2003355730848853
7.8499999999999996,0.30131945983157493,-1.4258389292808715
7.8600000000000003,0.33928096658200957,-1.2755033584835473
7.8700000000000001,0.45316548683331348,-0.63892617588862777
7.8799999999999999,0.30131945983157493,-0.11275167809799314
7.8899999999999997,0.14947343282983638,-0.18791946349665523
7.9000000000000004,-0.11388452025130391,-0.67651006858795881
7.9100000000000001,-0.075923013500869274,-0.11275167809799314
7.9199999999999999,-0.11388452025130391,0.037583892699331045
7.9299999999999997,-0.11388452025130391,0.11275167809799314
7.9400000000000004,-0.11388452025130391,-0.18791946349665523
7.9500000000000002,-0.037961506750434637,0.22315436290227808
7.96,-0.11388452025130391,0.26073825560160913
7.9699999999999998,0.14947343282983638,-0.22550335619598627
7.9800000000000004,0.14947343282983638,-0.33825503429397941
7.9900000000000002,0.37724247333244421,0.71174496799358167
8,0.45316548683331348,0.67416107529425062
8.0099999999999998,0.64297302058548667,0.59899328989558853
8.0199999999999996,0.90870356783852912,0.22315436290227808
8.0299999999999994,1.022588088089833,0.52382550449692644
8.0399999999999991,1.2100230276701041,0.56140939719625749
8.0500000000000007,1.2479845344205387,1.01241610958823
8.0600000000000005,1.3618690546718426,0.97483221688889898
8.0700000000000003,1.4377920681727119,0.89966443149023689
8.0800000000000001,1.3998305614222772,0.93724832418956794
8.0899999999999999,1.3998305614222772,1.7617449702811427
8.0999999999999996,1.5137150816735812,2.7365771871700417
8.1099999999999994,1.8174071356770582,2.5110738309740555
8.1199999999999992,2.1946496090095025,2.2855704747780692
8.1300000000000008,2.4224186495121103,2.0624161118757911
8.1400000000000006,2.6881491967651527,2.4734899382747244
8.1500000000000004,2.9159182372677606,2.2855704747780692
8.1600000000000001,3.0653916700975969,2.2855704747780692
8.1699999999999999,3.1792761903489009,0.26073825560160913
8.1799999999999997,2.8399952237668913,-0.22550335619598627
8.1899999999999995,2.4603801562625449,0
8.1999999999999993,1.5137150816735812,0.22315436290227808
8.2100000000000009,0.83278055433765985,1.3859060432878323
8.2200000000000006,0.49112699358374812,8.5104027031047735
8.2300000000000004,1.323907547921408,8.096979883412132
8.2400000000000002,1.7035226154257543,4.6110738355491776
8.25,3.4070452308515087,-1.1251677876862232
8.2599999999999998,4.08797975818743,-3.3003355776600074
8.2699999999999996,3.2931607106002048,-0.86208053879090585
8.2799999999999994,1.5137150816735812,1.4234899359871633
8.2899999999999991,1.9692531626787968,1.4234899359871633
8.3000000000000007,1.2100230276701041,1.6114093994838186
8.3100000000000005,0.49112699358374812,1.5362416140851565
8.3200000000000003,0.22539644633070566,0.8244966460915748
8.3300000000000001,0.14947343282983638,0.37348993369960226
8.3399999999999999,-0.45553808100521564,-0.11275167809799314
8.3499999999999996,-0.60738410800695419,0.56140939719625749
8.3599999999999994,-0.75923013500869274,1.01241610958823
8.3699999999999992,-0.9846265813393984,1.160402687091846
8.3800000000000008,-1.022588088089833,0.78691275339224376
8.3900000000000006,-1.0985111015907023,1.2731543651898392
8.4000000000000004,-0.79719164175912738,1.2731543651898392
8.4100000000000001,-0.53146109450608492,0.44865771909826435
8.4199999999999999,-0.15184602700173855,0.11275167809799314
8.4299999999999997,0.14947343282983638,-1.01241610958823
8.4399999999999995,0.49112699358374812,-0.45100671239197254
8.4499999999999993,0.83278055433765985,-0.18791946349665523
8.4600000000000009,1.0961385074188001,-0.48859060509130359
8.4700000000000006,0.90870356783852912,-0.89966443149023689
8.4800000000000004,0.71889603408635594,-1.2003355730848853
8.4900000000000002,0.45316548683331348,-1.6513422854768578
8.5,0.037961506750434637,-2.2879194680717774
8.5099999999999998,-0.34165356075391173,-0.18791946349665523
8.5199999999999996,-0.75923013500869274,0
8.5299999999999994,-1.022588088089833,-0.89966443149023689
8.5399999999999991,-1.3642416488437448,-0.71409396128728986
8.5500000000000007,-1.4781261690950487,-0.93724832418956794
8.5600000000000005,-1.440164662344614,-0.93724832418956794
8.5700000000000003,-1.7058952095976565,-0.74932886069291271
8.5800000000000001,-1.4022031555941794,-1.3130872511828784
8.5899999999999999,-1.022588088089833,-1.2755033584835473
8.5999999999999996,-1.2123956218420062,-1.9120805410784669
8.6099999999999994,-1.1364726083411369,-0.63892617588862777
8.6199999999999992,-1.0605495948402677,-1.5385906073788647
8.6300000000000008,-1.0605495948402677,-0.97483221688889898
8.6400000000000006,-1.2123956218420062,-0.4134228196926415
8.6500000000000004,-1.2883186353428755,-1.4258389292808715
8.6600000000000001,-1.2123956218420062,-1.4258389292808715
8.6699999999999999,-1.2123956218420062,-2.6238255090720486
8.6799999999999997,-1.3642416488437448,-2.8117449725687038
8.6899999999999995,-1.6299721960967872,-2.6238255090720486
8.6999999999999993,-2.0451761761796661,-1.987248326477129
8.7100000000000009,-2.5007142571848817,-0.22550335619598627
8.7200000000000006,-2.1970222031814046,0.037583892699331045
8.7300000000000004,-1.9312916559283622,-0.30067114159464836
8.7400000000000002,-1.9692531626787968,-0.33825503429397941
8.75,-1.022588088089833,-1.01241610958823
8.7599999999999998,-0.7212686282582581,-6.5607382693269756
8.7699999999999996,-1.3642416488437448,-10.76073827847722
8.7799999999999994,-3.1057257710199337,-6.6359060547256377
8.7899999999999991,-4.3940444063628092,-1.7241610775818117
8.8000000000000007,-4.5458904333645478,1.987248326477129
8.8100000000000005,-4.6597749536158517,1.160402687091846
8.8200000000000003,-4.6597749536158517,-0.67651006858795881
8.8300000000000001,-3.9764678321080282,-3.3379194703593384
8.8399999999999999,-3.2955333047721069,-2.8869127579673659
8.8499999999999996,-2.4627527504344471,-2.1000000045751221
8.8599999999999994,-1.3642416488437448,-1.6513422854768578
8.8699999999999992,-1.0985111015907023,-1.7241610775818117
8.8800000000000008,-1.022588088089833,-1.01241610958823
8.8900000000000006,-0.22776904050260782,-1.6865771848824807
8.9000000000000004,0.11151192607940175,-0.52617449779063463
8.9100000000000001,0.26335795308114029,-0.26308724889531732
8.9199999999999999,0.52908850033418275,0.33590604100027122
8.9299999999999997,0.71889603408635594,0.29832214830094017
8.9399999999999995,0.79481904758722521,-0.52617449779063463
8.9499999999999993,0.83278055433765985,0
8.9600000000000009,0.94666507458896376,0.52382550449692644
8.9700000000000006,0.94666507458896376,0.67416107529425062
8.9800000000000004,0.94666507458896376,2.0248322191764601
8.9900000000000002,0.79481904758722521,2.5110738309740555
9,0.90870356783852912,2.3607382601767313
9.0099999999999998,1.2100230276701041,1.987248326477129
9.0199999999999996,1.5516765884240158,2.0624161118757911
9.0299999999999994,1.8933301491779275,1.5738255067844875
9.0399999999999991,2.1566881022590678,1.4986577213858254
9.0500000000000007,2.4603801562625449,1.8369127556798048
9.0600000000000005,2.6122261832642835,1.949664433777798
9.0700000000000003,2.7261107035155874,2.4734899382747244
9.0800000000000001,2.9538797440181952,3.0724832281703129
9.0899999999999999,3.1413146835984662,3.3731543697649613
9.0999999999999996,3.2551992038497701,3.4859060478629544
9.1099999999999994,3.482968244352378,3.7114094040589407
9.1199999999999992,3.7486987916054204,3.0724832281703129
9.1300000000000008,3.8246218051062897,1.0875838949868921
9.1400000000000006,3.6348142713541165,-0.15033557079732418
9.1500000000000004,2.9538797440181952,-0.11275167809799314
9.1600000000000001,2.1566881022590678,0.18791946349665523
9.1699999999999999,1.0961385074188001,0.15033557079732418
9.1799999999999997,0.14947343282983638,1.160402687091846
9.1899999999999995,-0.37961506750434637,3.7865771894576028
9.1999999999999993,-0.37961506750434637,8.9214765295037068
9.2100000000000009,0.52908850033418275,6.1848993423336651
9.2200000000000006,1.4377920681727119,1.1979865797911771
9.2300000000000004,2.5742646765138488,-2.7365771871700417
9.2400000000000002,2.9538797440181952,-1.2755033584835473
9.25,2.6122261832642835,0.86208053879090585
9.2599999999999998,2.2705726225103717,2.0248322191764601
9.2699999999999996,1.8933301491779275,1.7241610775818117
9.2799999999999994,1.2479845344205387,0.71174496799358167
9.2899999999999991,1.0581770006683655,0.44865771909826435
9.3000000000000007,0.6809345273359213,0.11275167809799314
9.3100000000000005,0.37724247333244421,0.71174496799358167
9.3200000000000003,0.14947343282983638,1.01241610958823
9.3300000000000001,0.073550419328967109,1.2731543651898392
9.3399999999999999,0.14947343282983638,0.97483221688889898
9.3499999999999996,0.11151192607940175,2.0248322191764601
9.3599999999999994,0.56705000708461739,0.41107382639893331
9.3699999999999992,0.56705000708461739,0.26073825560160913
9.3800000000000008,0.71889603408635594,0.74932886069291271
9.3900000000000006,0.83278055433765985,0.4862416117975954
9.4000000000000004,0.90870356783852912,-0.15033557079732418
9.4100000000000001,0.75685754083679058,0
9.4199999999999999,0.60501151383505203,-0.22550335619598627
9.4299999999999997,0.56705000708461739,0.74932886069291271
9.4399999999999995,0.33928096658200957,1.01241610958823
9.4499999999999993,0.26335795308114029,-0.26308724889531732
9.4600000000000009,0.14947343282983638,-0.4134228196926415
9.4700000000000006,-0.15184602700173855,0.037583892699331045
9.4800000000000004,-0.75923013500869274,-0.48859060509130359
9.4900000000000002,-0.64534561475738883,-0.97483221688889898
9.5,-0.68330712150782347,-0.63892617588862777
9.5099999999999998,-1.0605495948402677,-1.4258389292808715
9.5199999999999996,-1.5920106893463526,-2.2127516826731153
9.5299999999999994,-1.8933301491779275,-1.4634228219802026
9.5399999999999991,-2.2729452166822739,-1.6513422854768578
9.5500000000000007,-2.6145987774361856,-1.5385906073788647
9.5600000000000005,-2.7284832976874895,-1.9120805410784669
9.5700000000000003,-2.9918412507686298,-2.0624161118757911
9.5800000000000001,-2.9918412507686298,-2.8869127579673659
9.5899999999999999,-3.1436872777703684,-2.5134228242677636
9.5999999999999996,-3.1057257710199337,-2.4382550388691016
9.6099999999999994,-3.1436872777703684,-2.5134228242677636
9.6199999999999992,-3.1057257710199337,-2.3255033607711084
9.6300000000000008,-2.9159182372677606,-2.2127516826731153
9.6400000000000006,-2.8044063111883588,-0.30067114159464836
9.6500000000000004,-2.15906069643097,0.07516778539866209
9.6600000000000001,-1.7058952095976565,-0.18791946349665523
9.6699999999999999,-0.94666507458896376,-0.037583892699331045
9.6799999999999997,-0.45553808100521564,-0.74932886069291271
9.6899999999999995,0.45316548683331348,-1.8369127556798048
9.6999999999999993,0.60501151383505203,-7.3852349154185504
9.7100000000000009,-0.37961506750434637,-8.2848993469087873
9.7200000000000006,-1.4781261690950487,-4.3127516872482374
9.7300000000000004,-2.8399952237668913,0.67416107529425062
9.7400000000000002,-4.0523908456088975,2.4359060455753934
9.75,-3.6751483722764533,0.97483221688889898
9.7599999999999998,-3.4473793317738455,-1.1627516803855542
9.7699999999999996,-2.9538797440181952,-2.1000000045751221
9.7799999999999994,-2.576637270685751,-1.6137583927775268
9.7899999999999991,-1.7058952095976565,-0.93724832418956794
9.8000000000000007,-1.1744341150915716,-0.4134228196926415
9.8100000000000005,-0.87311465525999665,-0.8244966460915748
9.8200000000000003,-0.11388452025130391,-0.89966443149023689
9.8300000000000001,0.18743493958027102,-1.2755033584835473
9.8399999999999999,0.49112699358374812,-0.78691275339224376
9.8499999999999996,0.64297302058548667,-1.0500000022875611
9.8599999999999994,0.52908850033418275,-1.2755033584835473
9.8699999999999992,0.41520398008287884,-0.86208053879090585
9.8800000000000008,0.49112699358374812,0
9.8900000000000006,0.26335795308114029,-0.07516778539866209
9.9000000000000004,0.11151192607940175,-0.07516778539866209
9.9100000000000001,-0.18980753375217319,-0.60134228318929672
9.9199999999999999,-0.49349958775565028,-0.52617449779063463
9.9299999999999997,-0.60738410800695419,0.59899328989558853
9.9399999999999995,-0.83515314850956202,0.22315436290227808
9.9499999999999993,-0.90870356783852912,0.22315436290227808
9.9600000000000009,-0.90870356783852912,0.86208053879090585
9.9700000000000006,-0.7212686282582581,0.37348993369960226
9.9800000000000004,-0.41757657425478101,0.86208053879090585
9.9900000000000002,0.11151192607940175,1.160402687091846
10,0.49112699358374812,0.78691275339224376
10.01,0.94666507458896376,1.7241610775818117
10.02,1.741484122176189,1.5362416140851565
10.029999999999999,2.0428035820077639,2.3983221528760623
10.039999999999999,2.4983416630129796,2.3231543674774002
10.050000000000001,2.9894686565967277,2.6989932944707107
10.06,3.5209297511028126,2.7741610798693728
10.07,3.786660298355855,3.2979865843662992
10.08,4.1639027716882993,3.2979865843662992
10.09,4.3537103054404724,3.6738255113596097
10.1,4.4296333189413417,3.0724832281703129
10.109999999999999,4.4296333189413417,2.8869127579673659
10.119999999999999,4.2398257851891685,0.11275167809799314
10.130000000000001,3.4450067376019433,-0.037583892699331045
10.140000000000001,2.5742646765138488,0.07516778539866209
10.15,1.3998305614222772,0.11275167809799314
10.16,0.14947343282983638,0.56140939719625749
10.17,-0.56942260125651956,3.8993288675555959
10.18,-0.60738410800695419,6.4479865912289824
10.19,-0.11388452025130391,4.1976510158565361
10.199999999999999,0.49112699358374812,1.9120805410784669
10.210000000000001,1.741484122176189,-1.2003355730848853
10.220000000000001,2.0072146694292314,-1.7993288629804738
10.23,1.7035226154257543,-0.037583892699331045
10.24,1.4757535749231465,1.4610738286864944
10.25,1.2479845344205387,2.4734899382747244
10.26,1.3998305614222772,1.1251677876862232
10.27,1.323907547921408,0.26073825560160913
10.279999999999999,1.2479845344205387,0.37348993369960226
10.289999999999999,1.0581770006683655,1.1251677876862232
10.300000000000001,1.0961385074188001,0.97483221688889898
10.31,0.83278055433765985,0.56140939719625749
10.32,0.6809345273359213,1.4986577213858254
10.33,0.64297302058548667,0.59899328989558853
10.34,0.56705000708461739,1.4610738286864944
10.35,0.60501151383505203,0.4862416117975954
10.359999999999999,0.41520398008287884,-0.18791946349665523
10.369999999999999,0.41520398008287884,0.71174496799358167
10.380000000000001,0.37724247333244421,0
10.390000000000001,0.30131945983157493,-0.48859060509130359
10.4,0.11151192607940175,-0.74932886069291271
10.41,-0.18980753375217319,0.4862416117975954
10.42,-0.34165356075391173,-0.22550335619598627
10.43,-0.26573054725304246,0.4862416117975954
10.44,-0.41757657425478101,-0.07516778539866209
10.449999999999999,-0.64534561475738883,-0.48859060509130359
10.460000000000001,-0.41757657425478101,-0.56375839048996568
10.470000000000001,-0.41757657425478101,-0.48859060509130359
10.48,-0.53146109450608492,-1.6137583927775268
10.49,-0.79719164175912738,-1.6865771848824807
10.5,-0.7212686282582581,-1.2755033584835473
10.51,-1.2123956218420062,-1.1627516803855542
10.52,-1.3642416488437448,-0.67651006858795881
10.529999999999999,-1.3642416488437448,-0.63892617588862777
10.539999999999999,-1.4781261690950487,-1.0875838949868921
10.550000000000001,-1.4022031555941794,-0.71409396128728986
10.56,-1.3642416488437448,-1.7993288629804738
10.57,-1.3642416488437448,-1.5761745000781957
10.58,-1.5160876758454833,-2.1375838972744532
10.59,-1.5160876758454833,-0.93724832418956794
10.6,-1.2883186353428755,-1.8369127556798048
10.609999999999999,-1.6679337028472219,-1.1251677876862232
10.619999999999999,-1.5160876758454833,-1.7241610775818117
10.630000000000001,-1.554049182595918,-1.8369127556798048
10.640000000000001,-1.7058952095976565,-2.5134228242677636
10.65,-1.8577412365993951,-2.6614094017713796
10.66,-2.2729452166822739,-1.2003355730848853
10.67,-1.9312916559283622,0
10.68,-2.0072146694292314,0.07516778539866209
10.69,-1.6679337028472219,-0.22550335619598627
10.699999999999999,-1.022588088089833,-0.037583892699331045
10.710000000000001,-0.79719164175912738,-1.3130872511828784
10.720000000000001,-0.26573054725304246,-4.7989932990458328
10.73,-0.87311465525999665,-7.1996644452156033
10.74,-1.5920106893463526,-4.8741610844444949
10.75,-2.576637270685751,-0.45100671239197254
10.76,-3.1057257710199337,1.2731543651898392
10.77,-2.9918412507686298,1.6114093994838186
10.779999999999999,-2.6145987774361856,0.07516778539866209
10.789999999999999,-2.1970222031814046,-2.5885906096664257
10.800000000000001,-1.8197797298489604,-2.6238255090720486
10.81,-1.5160876758454833,-1.6137583927775268
10.82,-1.1744341150915716,-0.37583892699331045
10.83,-1.022588088089833,-0.48859060509130359
10.84,-0.83515314850956202,-0.71409396128728986
10.85,-0.34165356075391173,-1.4258389292808715
10.859999999999999,-0.37961506750434637,-1.3882550365815405
10.869999999999999,-0.3036920540034771,-1.6513422854768578
10.880000000000001,-0.37961506750434637,-1.6865771848824807
10.890000000000001,-0.41757657425478101,-0.78691275339224376
10.9,-0.56942260125651956,-0.63892617588862777
10.91,-0.68330712150782347,-0.4134228196926415
10.92,-0.68330712150782347,-0.63892617588862777
10.93,-0.79719164175912738,-0.74932886069291271
10.94,-0.68330712150782347,-0.63892617588862777
10.949999999999999,-0.68330712150782347,-0.33825503429397941
10.960000000000001,-0.49349958775565028,-0.48859060509130359
10.970000000000001,-0.53146109450608492,0.37348993369960226
10.98,-0.3036920540034771,-0.15033557079732418
10.99,-0.26573054725304246,1.160402687091846
11,-0.075923013500869274,0.97483221688889898
11.01,0.18743493958027102,1.3107382578891702
11.02,0.75685754083679058,1.5738255067844875
11.029999999999999,1.022588088089833,0.97483221688889898
11.039999999999999,1.3998305614222772,1.7617449702811427
11.050000000000001,1.8553686424274929,2.2104026893794071
11.06,2.2705726225103717,2.7365771871700417
11.07,2.8779567305173259,2.962080543366028
11.08,3.2931607106002048,2.6989932944707107
11.09,3.6727757781045511,2.8493288652680349
11.1,4.08797975818743,3.3731543697649613
11.109999999999999,4.2398257851891685,3.1852349062683061
11.119999999999999,4.3916718121909071,2.8493288652680349
11.130000000000001,4.3916718121909071,2.962080543366028
11.140000000000001,4.2777872919396032,2.2855704747780692
11.15,3.7486987916054204,0.29832214830094017
11.16,3.1413146835984662,-0.037583892699331045
11.17,2.1187265955086332,0
11.18,0.79481904758722521,0.18791946349665523
11.19,-0.34165356075391173,0.18791946349665523
11.199999999999999,-0.90870356783852912,1.4610738286864944
11.210000000000001,-1.5920106893463526,3.7114094040589407
11.220000000000001,-1.1744341150915716,8.5104027031047735
11.23,-0.26573054725304246,5.1724832327454351
11.24,0.79481904758722521,0.59899328989558853
11.25,1.9692531626787968,-2.0248322191764601
11.26,2.4603801562625449,-1.8369127556798048
11.27,2.5742646765138488,0.18791946349665523
11.279999999999999,2.5742646765138488,1.4986577213858254
11.289999999999999,2.3844571427616756,1.1979865797911771
11.300000000000001,2.1566881022590678,0.67416107529425062
11.31,1.8553686424274929,1.3859060432878323
11.32,1.7035226154257543,0.97483221688889898
11.33,1.323907547921408,1.01241610958823
11.34,0.94666507458896376,1.4610738286864944
11.35,0.64297302058548667,1.2731543651898392
11.359999999999999,0.60501151383505203,1.4610738286864944
11.369999999999999,0.56705000708461739,0.41107382639893331
11.380000000000001,0.41520398008287884,1.01241610958823
11.390000000000001,0.37724247333244421,-0.037583892699331045
11.4,0.18743493958027102,-0.22550335619598627
11.41,0.11151192607940175,0.22315436290227808
11.42,-0.037961506750434637,-0.037583892699331045
11.43,0,-0.18791946349665523
11.44,0,0.037583892699331045
11.449999999999999,0.073550419328967109,0.18791946349665523
11.460000000000001,-0.11388452025130391,0.41107382639893331
11.470000000000001,0.037961506750434637,0
11.48,-0.075923013500869274,-0.22550335619598627
11.49,-0.075923013500869274,-0.71409396128728986
11.5,-0.18980753375217319,-1.2755033584835473
11.51,-0.75923013500869274,-0.93724832418956794
11.52,-0.9846265813393984,-1.2755033584835473
11.529999999999999,-1.1364726083411369,-0.89966443149023689
11.539999999999999,-1.2503571285924409,-1.5385906073788647
11.550000000000001,-3.3334948115225416,-1.3506711438822094
11.56,-1.8577412365993951,-1.8369127556798048
11.57,-1.9312916559283622,-1.6137583927775268
11.58,-2.1210991896805353,-2.2879194680717774
11.59,-2.2729452166822739,-1.987248326477129
11.6,-2.2729452166822739,-1.6865771848824807
11.609999999999999,-2.1210991896805353,-1.4258389292808715
11.619999999999999,-2.1970222031814046,-1.6865771848824807
11.630000000000001,-2.2349837099318393,-1.3130872511828784
11.640000000000001,-2.0451761761796661,-1.7241610775818117
11.65,-2.0831376829301007,-1.9120805410784669
11.66,-1.9312916559283622,-2.1000000045751221
11.67,-1.8933301491779275,-2.1751677899737842
11.68,-1.8197797298489604,-1.6865771848824807
11.69,-1.6679337028472219,-0.037583892699331045
11.699999999999999,-1.3642416488437448,0.11275167809799314
11.710000000000001,-0.83515314850956202,-0.18791946349665523
11.720000000000001,-0.37961506750434637,-0.037583892699331045
11.73,-0.11388452025130391,-0.22550335619598627
11.74,0.41520398008287884,-0.97483221688889898
11.75,0.6809345273359213,-3.7489932967582718
11.76,0.11151192607940175,-6.3375839064246975
11.77,-1.022588088089833,-5.4355704816407524
11.779999999999999,-1.8933301491779275,-1.4258389292808715
11.789999999999999,-3.4473793317738455,1.01241610958823
11.800000000000001,-3.2955333047721069,1.1979865797911771
11.81,-3.1057257710199337,0.59899328989558853
11.82,-2.8044063111883588,-2.0624161118757911
11.83,-2.3868297369335778,-2.4006711461697705
11.84,-2.1970222031814046,-1.7617449702811427
11.85,-1.8933301491779275,-1.2379194657842163
11.859999999999999,-1.4781261690950487,-0.33825503429397941
11.869999999999999,-1.3262801420933101,-1.5010067146795336
11.880000000000001,-0.90870356783852912,-1.4258389292808715
11.890000000000001,-0.60738410800695419,-1.949664433777798
11.9,-0.56942260125651956,-1.5761745000781957
11.91,-0.45553808100521564,-0.52617449779063463
11.92,-0.49349958775565028,-1.5761745000781957
11.93,-0.64534561475738883,-1.6137583927775268
11.94,-0.75923013500869274,-0.8244966460915748
11.949999999999999,-0.75923013500869274,0.37348993369960226
11.960000000000001,-0.75923013500869274,0.41107382639893331
11.970000000000001,-0.60738410800695419,0.18791946349665523
11.98,-0.41757657425478101,0.41107382639893331
11.99,-0.075923013500869274,1.0875838949868921
12,0.14947343282983638,1.4986577213858254
12.01,0.71889603408635594,0.59899328989558853
12.02,1.0581770006683655,-0.07516778539866209
12.029999999999999,1.4377920681727119,1.4610738286864944
12.039999999999999,1.7794456289266236,1.3859060432878323
12.050000000000001,2.0072146694292314,0.86208053879090585
12.06,2.0807650887581985,-0.15033557079732418
12.07,2.1566881022590678,0.037583892699331045
12.08,1.8933301491779275,0.33590604100027122
12.09,1.8553686424274929,0.89966443149023689
12.1,1.3998305614222772,0.89966443149023689
12.109999999999999,1.1720615209196694,1.987248326477129
12.119999999999999,0.94666507458896376,2.0624161118757911
12.130000000000001,0.94666507458896376,2.2855704747780692
12.140000000000001,1.0581770006683655,2.135234903980745
12.15,1.3998305614222772,0.86208053879090585
12.16,1.3998305614222772,0.97483221688889898
12.17,1.5137150816735812,0.67416107529425062
12.18,1.5516765884240158,1.0500000022875611
12.19,1.5137150816735812,1.4234899359871633
12.199999999999999,1.5137150816735812,2.3983221528760623
12.210000000000001,1.5516765884240158,2.9973154427716509
12.220000000000001,1.9692531626787968,0.37348993369960226
12.23,2.0072146694292314,-0.18791946349665523
12.24,1.9692531626787968,0.07516778539866209
12.25,1.3618690546718426,0.56140939719625749
12.26,1.0961385074188001,1.0500000022875611
12.27,0.94666507458896376,8.096979883412132
12.279999999999999,1.9692531626787968,12.259395999863045
12.289999999999999,3.0653916700975969,5.3604026962420903
12.300000000000001,4.0500182514369953,-1.2755033584835473
12.31,5.4142599002807401,-3.4882550411566626
12.32,4.8092483864456881,-0.26308724889531732
12.33,4.1259412649378646,1.4234899359871633
12.34,3.0653916700975969,0.89966443149023689
12.35,0.94666507458896376,1.1251677876862232
12.359999999999999,0.60501151383505203,1.6114093994838186
12.369999999999999,0.11151192607940175,1.4610738286864944
12.380000000000001,-0.53146109450608492,0.44865771909826435
12.390000000000001,-0.90870356783852912,-0.71409396128728986
12.4,-1.2883186353428755,-0.89966443149023689
12.41,-1.6679337028472219,0.26073825560160913
12.42,-1.3262801420933101,0.8244966460915748
12.43,-1.4022031555941794,0.71174496799358167
12.44,-1.1744341150915716,0.22315436290227808
12.449999999999999,-0.87311465525999665,0.59899328989558853
12.460000000000001,-0.41757657425478101,-0.07516778539866209
12.470000000000001,-0.11388452025130391,-0.30067114159464836
12.48,0.14947343282983638,-0.86208053879090585
12.49,0.11151192607940175,-1.2755033584835473
12.5,0.26335795308114029,-0.8244966460915748
12.51,0.037961506750434637,-0.48859060509130359
12.52,-0.3036920540034771,-0.26308724889531732
12.529999999999999,0.33928096658200957,-1.1627516803855542
12.539999999999999,-0.53146109450608492,-0.33825503429397941
12.550000000000001,-0.7212686282582581,-0.78691275339224376
12.56,-0.75923013500869274,0.18791946349665523
12.57,-0.56942260125651956,0.11275167809799314
12.58,-0.49349958775565028,-0.8244966460915748
12.59,-0.56942260125651956,-0.037583892699331045
12.6,-0.7212686282582581,-1.2755033584835473
12.609999999999999,-0.9846265813393984,-0.89966443149023689
12.619999999999999,-1.0605495948402677,-1.2003355730848853
12.630000000000001,-0.9846265813393984,-1.4634228219802026
12.640000000000001,-1.2883186353428755,-1.0875838949868921
12.65,-1.4022031555941794,-1.1627516803855542
12.66,-1.7818182230985258,-1.3506711438822094
12.67,-1.6299721960967872,-1.7241610775818117
12.68,-1.8933301491779275,-2.0248322191764601
12.69,-2.0072146694292314,-2.3255033607711084
12.699999999999999,-2.1970222031814046,-2.924496650666697
12.710000000000001,-2.5386757639353164,-3.0748322214640211
12.720000000000001,-3.1436872777703684,-0.63892617588862777
12.73,-2.576637270685751,0.15033557079732418
12.74,-2.7284832976874895,-0.22550335619598627
12.75,-2.2349837099318393,-0.18791946349665523
12.76,-1.6679337028472219,-0.52617449779063463
12.77,-1.2503571285924409,-4.5734899428498466
12.779999999999999,-1.2123956218420062,-7.7986577351111919
12.789999999999999,-1.8577412365993951,-5.4003355822351296
12.800000000000001,-2.576637270685751,-0.67651006858795881
12.81,-2.9159182372677606,1.3483221505885012
12.82,-3.0298027575190645,0.037583892699331045
12.83,-2.6905217909370549,-1.6865771848824807
12.84,-2.1970222031814046,-4.3127516872482374
12.85,-2.2729452166822739,-2.5134228242677636
12.859999999999999,-1.9312916559283622,-1.4258389292808715
12.869999999999999,-1.6679337028472219,-0.89966443149023689
12.880000000000001,-0.7212686282582581,-0.07516778539866209
12.890000000000001,-1.2883186353428755,-0.89966443149023689
12.9,-0.9846265813393984,-2.0248322191764601
12.91,-0.79719164175912738,-0.67651006858795881
12.92,-0.53146109450608492,-0.74932886069291271
12.93,-0.37961506750434637,-0.97483221688889898
12.94,-0.3036920540034771,-0.30067114159464836
12.949999999999999,-0.15184602700173855,0.26073825560160913
12.960000000000001,-0.075923013500869274,0
12.970000000000001,0.30131945983157493,0.11275167809799314
12.98,0.45316548683331348,0.33590604100027122
12.99,0.64297302058548667,0.37348993369960226
13,0.87074206108809449,-0.30067114159464836
13.01,1.0961385074188001,-0.67651006858795881
13.02,0.9846265813393984,0.71174496799358167
13.029999999999999,1.1341000141692348,1.4986577213858254
13.039999999999999,1.2100230276701041,1.7617449702811427
13.050000000000001,1.323907547921408,1.2355704724905081
13.06,1.4757535749231465,1.160402687091846
13.07,1.5516765884240158,1.2731543651898392
13.08,1.6655611086753197,1.3859060432878323
13.09,1.741484122176189,1.2355704724905081
13.1,1.8174071356770582,1.5738255067844875
13.109999999999999,1.7794456289266236,1.4610738286864944
13.119999999999999,1.8174071356770582,2.172818796680076
13.130000000000001,1.8174071356770582,1.987248326477129
13.140000000000001,1.9692531626787968,2.172818796680076
13.15,1.9692531626787968,2.4734899382747244
13.16,2.1187265955086332,2.135234903980745
13.17,2.2326111157599371,2.0248322191764601
13.18,2.2705726225103717,1.7993288629804738
13.19,2.2705726225103717,1.5738255067844875
13.199999999999999,2.1946496090095025,1.4610738286864944
13.210000000000001,2.1187265955086332,0.29832214830094017
13.220000000000001,1.8174071356770582,0
13.23,1.3998305614222772,-0.037583892699331045
13.24,0.75685754083679058,0.07516778539866209
13.25,0.30131945983157493,0.037583892699331045
13.26,-0.34165356075391173,0.18791946349665523
13.27,-0.7212686282582581,4.2728188012551982
13.279999999999999,-0.075923013500869274,8.3976510250067804
13.289999999999999,0.90870356783852912,6.3728188058303203
13.300000000000001,2.3085341292608064,2.0248322191764601
13.31,3.8246218051062897,-0.93724832418956794
13.32,4.6574023594439495,-1.7993288629804738
13.33,4.2777872919396032,0.11275167809799314
13.34,3.9385063253575936,0.93724832418956794
13.35,3.2931607106002048,1.1979865797911771
13.359999999999999,2.4603801562625449,1.6114093994838186
13.369999999999999,1.5137150816735812,1.8744966483791359
13.380000000000001,1.0581770006683655,1.2731543651898392
13.390000000000001,0.6809345273359213,0.22315436290227808
13.4,0.14947343282983638,0.67416107529425062
13.41,-0.22776904050260782,1.1251677876862232
13.42,-0.45553808100521564,0.86208053879090585
13.43,-0.60738410800695419,0.56140939719625749
13.44,-0.7212686282582581,0.15033557079732418
13.449999999999999,-0.53146109450608492,0.07516778539866209
13.460000000000001,-0.53146109450608492,0.37348993369960226
13.470000000000001,-0.26573054725304246,-0.30067114159464836
13.48,-0.11388452025130391,-0.63892617588862777
13.49,0,-0.74932886069291271
13.5,-0.15184602700173855,-0.63892617588862777
13.51,-0.3036920540034771,-0.18791946349665523
13.52,-0.22776904050260782,-0.037583892699331045
13.529999999999999,-0.56942260125651956,-0.45100671239197254
13.539999999999999,-0.41757657425478101,-1.01241610958823
13.550000000000001,-0.49349958775565028,-1.1627516803855542
13.56,-0.7212686282582581,-0.71409396128728986
13.57,-0.56942260125651956,0.26073825560160913
13.58,-0.64534561475738883,-0.74932886069291271
13.59,-2.1970222031814046,-0.97483221688889898
13.6,-0.9846265813393984,-1.8369127556798048
13.609999999999999,-1.022588088089833,-2.0248322191764601
13.619999999999999,-1.5160876758454833,-2.2127516826731153
13.630000000000001,-1.8197797298489604,-1.4258389292808715
13.640000000000001,-1.9312916559283622,-1.9120805410784669
13.65,-1.9312916559283622,-2.2879194680717774
13.66,-2.576637270685751,-1.987248326477129
13.67,-2.576637270685751,-2.5134228242677636
13.68,-2.8399952237668913,-2.1751677899737842
13.69,-2.9159182372677606,-3.1124161141633522
13.699999999999999,-3.0298027575190645,-3.2251677922613453
13.710000000000001,-3.2955333047721069,-0.48859060509130359
13.720000000000001,-2.6905217909370549,0.11275167809799314
13.73,-2.576637270685751,0.07516778539866209
13.74,-1.8933301491779275,-0.37583892699331045
13.75,-1.2503571285924409,-1.6137583927775268
13.76,-0.87311465525999665,-7.2748322306142654
13.77,-1.6299721960967872,-9.5979865980916657
13.779999999999999,-2.5007142571848817,-5.2500000114378054
13.789999999999999,-3.6751483722764533,0.56140939719625749
13.800000000000001,-4.1283138591097668,3.0348993354709819
13.81,-3.6371868655260187,1.1979865797911771
13.82,-3.2196102912712377,-0.89966443149023689
13.83,-2.2729452166822739,-2.3630872534704395
13.84,-1.7438567163480911,-1.6513422854768578
13.85,-0.79719164175912738,-1.5385906073788647
13.859999999999999,-0.45553808100521564,0.29832214830094017
13.869999999999999,0.073550419328967109,-0.07516778539866209
13.880000000000001,0.30131945983157493,-0.4134228196926415
13.890000000000001,0.71889603408635594,-1.0875838949868921
13.9,0.90870356783852912,-1.5385906073788647
13.91,0.64297302058548667,-1.0875838949868921
13.92,0.52908850033418275,-0.63892617588862777
13.93,0.26335795308114029,-0.78691275339224376
13.94,-0.11388452025130391,-0.8244966460915748
13.949999999999999,-0.45553808100521564,-0.18791946349665523
13.960000000000001,-0.68330712150782347,0.56140939719625749
13.970000000000001,-0.75923013500869274,0.86208053879090585
13.98,-0.68330712150782347,0.26073825560160913
13.99,-0.68330712150782347,0.4862416117975954
14,-0.41757657425478101,-0.037583892699331045
14.01,-0.3036920540034771,0.97483221688889898
14.02,-0.037961506750434637,0.93724832418956794
14.029999999999999,0.18743493958027102,0.86208053879090585
14.039999999999999,0.60501151383505203,0.18791946349665523
14.050000000000001,0.90870356783852912,0.22315436290227808
14.06,1.1341000141692348,0.41107382639893331
14.07,1.323907547921408,1.1979865797911771
14.08,1.4757535749231465,1.7617449702811427
14.09,1.6275996019248851,2.0624161118757911
14.1,2.0072146694292314,3.110067120869644
14.109999999999999,2.4603801562625449,3.110067120869644
14.119999999999999,2.9894686565967277,3.2228187989676371
14.130000000000001,3.2551992038497701,3.4107382624642923
14.140000000000001,3.6727757781045511,1.8744966483791359
14.15,3.900544818607159,2.5486577236733865
14.16,3.9740952379361261,3.0724832281703129
14.17,3.9385063253575936,3.0724832281703129
14.18,3.6727757781045511,0.37348993369960226
14.19,3.2172376970993355,0.07516778539866209
14.199999999999999,2.6122261832642835,0.22315436290227808
14.210000000000001,1.4377920681727119,0.63657718259491958
14.220000000000001,0.49112699358374812,3.2604026916669682
14.23,0.41520398008287884,6.4855704839283135
14.24,0.79481904758722521,8.2848993469087873
14.25,1.3998305614222772,3.8993288675555959
14.26,2.0428035820077639,0.22315436290227808
14.27,2.8020337170164566,-1.4258389292808715
14.279999999999999,2.6501876900147181,0.33590604100027122
14.289999999999999,2.3085341292608064,1.7617449702811427
14.300000000000001,1.7035226154257543,2.3231543674774002
14.31,1.4377920681727119,1.7993288629804738
14.32,1.1341000141692348,0.86208053879090585
14.33,1.022588088089833,0.78691275339224376
14.34,0.71889603408635594,0.89966443149023689
14.35,0.64297302058548667,0.59899328989558853
14.359999999999999,0.33928096658200957,1.0875838949868921
14.369999999999999,0.22539644633070566,1.2731543651898392
14.380000000000001,0.14947343282983638,0.67416107529425062
14.390000000000001,0.22539644633070566,0.89966443149023689
14.4,0.18743493958027102,-0.11275167809799314
14.41,0.11151192607940175,0.67416107529425062
14.42,0.14947343282983638,0.26073825560160913
14.43,0.073550419328967109,0.18791946349665523
14.44,0.037961506750434637,-0.33825503429397941
14.449999999999999,-0.15184602700173855,-0.11275167809799314
14.460000000000001,-0.26573054725304246,-0.33825503429397941
14.470000000000001,-0.53146109450608492,-0.18791946349665523
14.48,-0.60738410800695419,-0.18791946349665523
14.49,-0.49349958775565028,-0.33825503429397941
14.5,-0.60738410800695419,-0.30067114159464836
14.51,-0.49349958775565028,-0.56375839048996568
14.52,-0.45553808100521564,-1.1627516803855542
14.529999999999999,-0.37961506750434637,-1.2003355730848853
14.539999999999999,-0.68330712150782347,-0.37583892699331045
14.550000000000001,-0.7212686282582581,-0.67651006858795881
14.56,-1.1744341150915716,-0.78691275339224376
14.57,-1.440164662344614,-0.93724832418956794
14.58,-1.4781261690950487,-1.5761745000781957
14.59,-1.6299721960967872,-1.3130872511828784
14.6,-1.6299721960967872,-0.89966443149023689
14.609999999999999,-1.7818182230985258,-0.78691275339224376
14.619999999999999,-1.6299721960967872,-1.2003355730848853
14.630000000000001,-1.7818182230985258,-1.4258389292808715
14.640000000000001,-1.6679337028472219,-2.1375838972744532
14.65,-1.7058952095976565,-2.1751677899737842
14.66,-1.7058952095976565,-2.8869127579673659
14.67,-2.1210991896805353,-3.1500000068626832
14.68,-2.3868297369335778,-3.0748322214640211
14.69,-2.7664448044379242,-0.37583892699331045
14.699999999999999,-2.3109067234327085,0.11275167809799314
14.710000000000001,-2.4627527504344471,-0.07516778539866209
14.720000000000001,-2.0831376829301007,-0.22550335619598627
14.73,-1.4022031555941794,-1.4258389292808715
14.74,-0.94666507458896376,-6.6359060547256377
14.75,-1.4781261690950487,-9.0365772008954082
14.76,-2.576637270685751,-5.0996644406404812
14.77,-4.0903523523593321,0.4862416117975954
14.779999999999999,-3.9764678321080282,2.6238255090720486
14.789999999999999,-3.7131098790268879,0.44865771909826435
14.800000000000001,-3.3334948115225416,-2.4382550388691016
14.81,-2.6145987774361856,-2.2503355753724463
14.82,-2.1970222031814046,-1.9120805410784669
14.83,-1.2883186353428755,-1.5385906073788647
14.84,-0.87311465525999665,-1.987248326477129
14.85,-0.68330712150782347,-1.01241610958823
14.859999999999999,-0.34165356075391173,-0.8244966460915748
14.869999999999999,-0.18980753375217319,-1.2003355730848853
14.880000000000001,-0.037961506750434637,-1.2755033584835473
14.890000000000001,0.037961506750434637,0.037583892699331045
14.9,0,-0.22550335619598627
14.91,0.037961506750434637,0.11275167809799314
14.92,0.11151192607940175,-0.4134228196926415
14.93,0.037961506750434637,-0.26308724889531732
14.94,-0.037961506750434637,-0.63892617588862777
14.949999999999999,-0.075923013500869274,-0.71409396128728986
14.960000000000001,-0.26573054725304246,-0.18791946349665523
14.970000000000001,-0.26573054725304246,-1.1251677876862232
14.98,-0.37961506750434637,-0.22550335619598627
14.99,-0.22776904050260782,0.71174496799358167
15,-0.15184602700173855,1.4610738286864944
